{"assets/fonts/BebasNeue-Regular.ttf":["assets/fonts/BebasNeue-Regular.ttf"],"assets/fonts/Lobster-Regular.ttf":["assets/fonts/Lobster-Regular.ttf"],"assets/fonts/Smokum-Regular.ttf":["assets/fonts/Smokum-Regular.ttf"],"assets/images/Apni_Kaksha.png":["assets/images/Apni_Kaksha.png"],"assets/images/Courses.png":["assets/images/Courses.png"],"assets/images/Download-vector.png":["assets/images/Download-vector.png"],"assets/images/Expired.png":["assets/images/Expired.png"],"assets/images/Khazana.json":["assets/images/Khazana.json"],"assets/images/Online-test.svg":["assets/images/Online-test.svg"],"assets/images/RatnaBhAi.jpg":["assets/images/RatnaBhAi.jpg"],"assets/images/RatnaBhaiCir.png":["assets/images/RatnaBhaiCir.png"],"assets/images/SankalpBharat.png":["assets/images/SankalpBharat.png"],"assets/images/SankalpBharat.svg":["assets/images/SankalpBharat.svg"],"assets/images/Study Ratna landscape.svg":["assets/images/Study Ratna landscape.svg"],"assets/images/StudyMaterial2.json":["assets/images/StudyMaterial2.json"],"assets/images/StudyRatna-landscape1.svg":["assets/images/StudyRatna-landscape1.svg"],"assets/images/StudyRatna.png":["assets/images/StudyRatna.png"],"assets/images/StudyRatna12.png":["assets/images/StudyRatna12.png"],"assets/images/StudyRatna12New.png":["assets/images/StudyRatna12New.png"],"assets/images/StudyRatnaAnime.json":["assets/images/StudyRatnaAnime.json"],"assets/images/StudyRatna_landscape.png":["assets/images/StudyRatna_landscape.png"],"assets/images/Surprise-box.png":["assets/images/Surprise-box.png"],"assets/images/index.html":["assets/images/index.html"],"assets/images/loading.json":["assets/images/loading.json"],"assets/images/mega-creator.png":["assets/images/mega-creator.png"],"assets/images/news.svg":["assets/images/news.svg"],"assets/images/no-data-error.json":["assets/images/no-data-error.json"],"assets/images/no-internet.json":["assets/images/no-internet.json"],"assets/images/pw_logo.png":["assets/images/pw_logo.png"],"assets/images/pw_logo.svg":["assets/images/pw_logo.svg"],"packages/cupertino_icons/assets/CupertinoIcons.ttf":["packages/cupertino_icons/assets/CupertinoIcons.ttf"],"packages/flutter_inappwebview/assets/t_rex_runner/t-rex.css":["packages/flutter_inappwebview/assets/t_rex_runner/t-rex.css"],"packages/flutter_inappwebview/assets/t_rex_runner/t-rex.html":["packages/flutter_inappwebview/assets/t_rex_runner/t-rex.html"],"packages/font_awesome_flutter/lib/fonts/fa-brands-400.ttf":["packages/font_awesome_flutter/lib/fonts/fa-brands-400.ttf"],"packages/font_awesome_flutter/lib/fonts/fa-regular-400.ttf":["packages/font_awesome_flutter/lib/fonts/fa-regular-400.ttf"],"packages/font_awesome_flutter/lib/fonts/fa-solid-900.ttf":["packages/font_awesome_flutter/lib/fonts/fa-solid-900.ttf"],"packages/wakelock_web/assets/no_sleep.js":["packages/wakelock_web/assets/no_sleep.js"],"packages/youtube_player_flutter/assets/speedometer.webp":["packages/youtube_player_flutter/assets/speedometer.webp"]}