{
  "apkFileName": "Study Ratna V1.9.8_mod_src.apk",
  "VersionInfo": {
    "versionName": "9.9.9",
    "versionCode": "35"
  },
  "UsesFramework": {
    "ids": [1],
    "tag": null
  },
  "unknownFiles": {
    "play-services-ads-identifier.properties": "8",
    "play-services-appset.properties": "8",
    "META-INF/kotlinx_coroutines_core.version": "8",
    "META-INF/androidx.window_window.version": "8",
    "META-INF/androidx.legacy_legacy-support-v4.version": "8",
    "play-services-tasks.properties": "8",
    "META-INF/androidx.localbroadcastmanager_localbroadcastmanager.version": "8",
    "transport-runtime.properties": "8",
    "META-INF/androidx.lifecycle_lifecycle-livedata-core.version": "8",
    "META-INF/androidx.lifecycle_lifecycle-viewmodel-savedstate.version": "8",
    "META-INF/androidx.work_work-runtime.version": "8",
    "META-INF/androidx.appcompat_appcompat.version": "8",
    "META-INF/androidx.swiperefreshlayout_swiperefreshlayout.version": "8",
    "META-INF/androidx.cursoradapter_cursoradapter.version": "8",
    "META-INF/androidx.media_media.version": "8",
    "okhttp3/internal/publicsuffix/NOTICE": "8",
    "firebase-components.properties": "8",
    "firebase-datatransport.properties": "8",
    "META-INF/androidx.annotation_annotation-experimental.version": "8",
    "META-INF/androidx.window_window-java.version": "8",
    "META-INF/androidx.lifecycle_lifecycle-service.version": "8",
    "META-INF/androidx.drawerlayout_drawerlayout.version": "8",
    "META-INF/androidx.print_print.version": "8",
    "DebugProbesKt.bin": "8",
    "META-INF/androidx.versionedparcelable_versionedparcelable.version": "8",
    "play-services-measurement-api.properties": "8",
    "play-services-measurement-base.properties": "8",
    "META-INF/androidx.savedstate_savedstate.version": "8",
    "META-INF/androidx.interpolator_interpolator.version": "8",
    "messaging_event_extension.proto": "8",
    "META-INF/androidx.fragment_fragment.version": "8",
    "META-INF/androidx.lifecycle_lifecycle-process.version": "8",
    "androidsupportmultidexversion.txt": "8",
    "META-INF/androidx.activity_activity.version": "8",
    "META-INF/androidx.customview_customview.version": "8",
    "transport-api.properties": "8",
    "firebase-analytics.properties": "8",
    "META-INF/kotlinx_coroutines_android.version": "8",
    "META-INF/androidx.documentfile_documentfile.version": "8",
    "META-INF/androidx.sqlite_sqlite.version": "8",
    "play-services-measurement-impl.properties": "8",
    "META-INF/com/android/build/gradle/app-metadata.properties": "8",
    "META-INF/androidx.vectordrawable_vectordrawable.version": "8",
    "META-INF/androidx.legacy_legacy-support-core-utils.version": "8",
    "play-services-measurement.properties": "8",
    "META-INF/androidx.loader_loader.version": "8",
    "firebase-encoders-proto.properties": "8",
    "firebase-encoders-json.properties": "8",
    "firebase-iid-interop.properties": "8",
    "META-INF/androidx.lifecycle_lifecycle-livedata.version": "8",
    "META-INF/kotlinx_coroutines_play_services.version": "8",
    "play-services-cloud-messaging.properties": "8",
    "messaging_event.proto": "8",
    "META-INF/androidx.lifecycle_lifecycle-runtime.version": "8",
    "META-INF/androidx.room_room-runtime.version": "8",
    "firebase-annotations.properties": "8",
    "META-INF/androidx.appcompat_appcompat-resources.version": "8",
    "META-INF/androidx.core_core-ktx.version": "8",
    "play-services-measurement-sdk-api.properties": "8",
    "META-INF/androidx.sqlite_sqlite-framework.version": "8",
    "META-INF/androidx.viewpager_viewpager.version": "8",
    "META-INF/androidx.asynclayoutinflater_asynclayoutinflater.version": "8",
    "META-INF/androidx.lifecycle_lifecycle-viewmodel.version": "8",
    "META-INF/androidx.emoji2_emoji2-views-helper.version": "8",
    "META-INF/androidx.recyclerview_recyclerview.version": "8",
    "META-INF/androidx.core_core.version": "8",
    "firebase-encoders.properties": "8",
    "firebase-analytics-ktx.properties": "8",
    "play-services-basement.properties": "8",
    "firebase-measurement-connector.properties": "8",
    "META-INF/androidx.arch.core_core-runtime.version": "8",
    "META-INF/androidx.tracing_tracing.version": "8",
    "META-INF/androidx.emoji2_emoji2.version": "8",
    "transport-backend-cct.properties": "8",
    "META-INF/androidx.slidingpanelayout_slidingpanelayout.version": "8",
    "META-INF/androidx.vectordrawable_vectordrawable-animated.version": "8",
    "play-services-stats.properties": "8",
    "META-INF/androidx.lifecycle_lifecycle-runtime-ktx.version": "8",
    "META-INF/androidx.cardview_cardview.version": "8",
    "play-services-measurement-sdk.properties": "8",
    "firebase-installations-interop.properties": "8",
    "META-INF/androidx.browser_browser.version": "8",
    "META-INF/androidx.webkit_webkit.version": "8",
    "META-INF/androidx.startup_startup-runtime.version": "8",
    "play-services-base.properties": "8",
    "META-INF/androidx.coordinatorlayout_coordinatorlayout.version": "8",
    "kotlin-tooling-metadata.json": "8",
    "META-INF/androidx.legacy_legacy-support-core-ui.version": "8",
    "okhttp3/internal/publicsuffix/publicsuffixes.gz": "8",
    "play-services-cronet.properties": "8"
  },
  "PackageInfo": {
    "forcedPackageId": "127",
    "renameManifestPackage": null
  },
  "doNotCompress": [
    "resources.arsc",
    "png",
    "res/raw/keep_cronet_api.xml",
    "jpg",
    "webp",
    "assets/dexopt/baseline.prof",
    "assets/dexopt/baseline.profm"
  ],
  "isFrameworkApk": false,
  "compressionType": false,
  "sparseResources": false,
  "version": "2.4.0-240107",
  "sharedLibrary": false,
  "sdkInfo": {
    "minSdkVersion": "21",
    "targetSdkVersion": "33"
  }
}